{"cameraMode":{"drawMode":0,"name":"Shaded","section":"Shading Mode"},"sceneLighting":false,"audioPlay":false,"sceneViewState":{"showFog":false,"showMaterialUpdate":false,"showSkybox":false,"showFlares":false,"showImageEffects":false,"showParticleSystems":false},"in2DMode":false,"pivot":{"x":-0.0300140380859375,"y":0.0,"z":-0.02997499890625477},"rotation":{"x":0.4473223388195038,"y":0.15292976796627046,"z":-0.0779363363981247,"w":0.8777669072151184},"size":0.000029289107260410674,"orthographic":false}