{"cameraMode":{"drawMode":0,"name":"Shaded","section":"Shading Mode"},"sceneLighting":false,"audioPlay":false,"sceneViewState":{"showFog":false,"showMaterialUpdate":false,"showSkybox":false,"showFlares":false,"showImageEffects":false,"showParticleSystems":false},"in2DMode":false,"pivot":{"x":0.0,"y":-0.0500030517578125,"z":-0.18000000715255738},"rotation":{"x":0.4473223388195038,"y":0.15292976796627046,"z":-0.0779363363981247,"w":0.8777669072151184},"size":0.2663574516773224,"orthographic":false}